{
    "timestamp": "20241029_211505",
    "training_duration_minutes": 2.3755097428957623,
    "n_clusters": 3,
    "cluster_info": [
        {
            "cluster": 0,
            "min": 700.0,
            "max": 1200000.0,
            "median": 70800.0,
            "count": 21751,
            "std": 47328.717341010284,
            "log_std": 0.6356052486049945
        },
        {
            "cluster": 1,
            "min": 9111.0,
            "max": 1888800.0,
            "median": 229999.0,
            "count": 2839,
            "std": 153685.58805660985,
            "log_std": 0.5753592587736525
        },
        {
            "cluster": 2,
            "min": 160000.0,
            "max": 2899999.0,
            "median": 828800.0,
            "count": 410,
            "std": 516710.11055961956,
            "log_std": 0.5092343353229198
        }
    ],
    "prediction_stats": {
        "min": 10517,
        "max": 2824153,
        "mean": 113715.3285,
        "median": 77355.0
    },
    "global_stats": {
        "min": 700.0,
        "max": 2899999.0,
        "median": 78888.0,
        "std": 155572.52922763771
    }
}